id,times,textString,startTime,endTime,fromSeconds,toSeconds,timeLength
1,"00:00:02,000 --> 00:00:30,751"," 00:00:17,251 --> 00:00:19,001 00:00:19,126 --> 00:00:20,793 2    00:00:19,126 --> 00:00:20,793 00:00:28,334 --> 00:00:30,751 3   I '// never forge! that summer.","00:00:02,000","00:00:30,751",2,30.751,28.751
2,"00:00:30,886 --> 00:00:44,054","/ spent' e week in the old house where my mother grew up- Planning & Screenplay by Hayao Miyazaki Produced by Toshio Suzuki Based on ""The Borrowers"" by Mary Norton Music by Cécile Corbel Almost there.","00:00:30,886","00:00:44,054",30.886,44.054,13.168000000000003
3,"00:00:44,074 --> 00:00:57,242",Feeling all right?,"00:00:44,074","00:00:57,242",44.074,57.242,13.168
4,"00:00:57,376 --> 00:00:58,709",Yes.,"00:00:57,376","00:00:58,709",57.376,58.709,1.3330000000000055
5,"00:01:05,793 --> 00:01:34,876",Directed by Hiromasa Yonebayashi THE SECRET WORLD OF ARRIETTY Haru...how many times have I told her?,"00:01:05,793","00:01:34,876",65.793,94.876,29.083
6,"00:01:36,094 --> 00:01:37,199",- I'll be right back.,"00:01:36,094","00:01:37,199",96.094,97.199,1.105000000000004
7,"00:01:37,219 --> 00:01:38,324",- Okay.,"00:01:37,219","00:01:38,324",97.219,98.324,1.105000000000004
8,"00:01:44,344 --> 00:01:46,491",Haru!,"00:01:44,344","00:01:46,491",104.344,106.491,2.1470000000000056
9,"00:01:46,511 --> 00:01:48,658",You're blocking the driveway again.,"00:01:46,511","00:01:48,658",106.511,108.658,2.1470000000000056
10,"00:03:16,209 --> 00:03:17,709",Sho?,"00:03:16,209","00:03:17,709",196.209,197.709,1.5
11,"00:03:17,834 --> 00:03:19,959",Where are you?,"00:03:17,834","00:03:19,959",197.834,199.959,2.125
12,"00:04:35,418 --> 00:04:36,876",Don't touch!,"00:04:35,418","00:04:36,876",275.418,276.876,1.45799999999997
13,"00:04:38,834 --> 00:04:40,793",These aren't for you.,"00:04:38,834","00:04:40,793",278.834,280.793,1.9590000000000032
14,"00:05:02,136 --> 00:05:03,137",- Arrietty!,"00:05:02,136","00:05:03,137",302.136,303.137,1.0009999999999764
15,"00:05:03,157 --> 00:05:04,158",- What?,"00:05:03,157","00:05:04,158",303.157,304.158,1.0010000000000332
16,"00:05:05,043 --> 00:05:07,168","You went outside again, didn't you?","00:05:05,043","00:05:07,168",305.043,307.168,2.125
17,"00:05:07,959 --> 00:05:10,834","And you might clean up this room, young lady.","00:05:07,959","00:05:10,834",307.959,310.834,2.875
18,"00:05:10,959 --> 00:05:12,668",It's my own little garden.,"00:05:10,959","00:05:12,668",310.959,312.668,1.7090000000000032
19,"00:05:13,251 --> 00:05:16,459","If you ask me, it looks like a mess.","00:05:13,251","00:05:16,459",313.251,316.459,3.208000000000027
20,"00:05:18,178 --> 00:05:19,053",Oh!,"00:05:18,178","00:05:19,053",318.178,319.053,0.875
21,"00:05:19,073 --> 00:05:19,948",Is that a bay leaf?,"00:05:19,073","00:05:19,948",319.073,319.948,0.875
22,"00:05:25,334 --> 00:05:30,126","Oh, well, I guess this means your birthday comes early.","00:05:25,334","00:05:30,126",325.334,330.126,4.791999999999973
23,"00:05:35,418 --> 00:05:37,168",Enough for a whole year.,"00:05:35,418","00:05:37,168",335.418,337.168,1.75
24,"00:05:37,918 --> 00:05:40,876",But the bay tree's so far away.,"00:05:37,918","00:05:40,876",337.918,340.876,2.95799999999997
25,"00:05:41,001 --> 00:05:43,126",If a human bean saw you...,"00:05:41,001","00:05:43,126",341.001,343.126,2.125
26,"00:05:43,251 --> 00:05:44,834",I'm always careful.,"00:05:43,251","00:05:44,834",343.251,344.834,1.5830000000000268
27,"00:05:45,584 --> 00:05:48,793",The world is full of dangerous creatures.,"00:05:45,584","00:05:48,793",345.584,348.793,3.209000000000003
28,"00:05:50,668 --> 00:05:52,084",Your great uncle...,"00:05:50,668","00:05:52,084",350.668,352.084,1.4159999999999968
29,"00:05:52,219 --> 00:05:53,511",...was eaten by a frog.,"00:05:52,219","00:05:53,511",352.219,353.511,1.29200000000003
30,"00:05:53,531 --> 00:05:54,823",Right?,"00:05:53,531","00:05:54,823",353.531,354.823,1.2919999999999732
31,"00:05:55,543 --> 00:05:57,876",Doesn't that sh/so smell lovely?,"00:05:55,543","00:05:57,876",355.543,357.876,2.33299999999997
32,"00:05:58,334 --> 00:05:59,793","Yes, it does.","00:05:58,334","00:05:59,793",358.334,359.793,1.4590000000000032
33,"00:06:00,751 --> 00:06:03,918","With a bit of sugar, I could make sh/so juice.","00:06:00,751","00:06:03,918",360.751,363.918,3.16700000000003
34,"00:06:07,344 --> 00:06:08,657",Wait till tonight.,"00:06:07,344","00:06:08,657",367.344,368.657,1.3129999999999882
35,"00:06:08,677 --> 00:06:09,990",I'll borrow some for you.,"00:06:08,677","00:06:09,990",368.677,369.99,1.3129999999999882
36,"00:06:11,844 --> 00:06:13,907",My first borrowing ever!,"00:06:11,844","00:06:13,907",371.844,373.907,2.062999999999988
37,"00:06:13,927 --> 00:06:15,990",I've been practising night and day.,"00:06:13,927","00:06:15,990",373.927,375.99,2.062999999999988
38,"00:06:16,668 --> 00:06:18,168",Papa's home.,"00:06:16,668","00:06:18,168",376.668,378.168,1.5
39,"00:06:23,876 --> 00:06:25,501",Welcome back.,"00:06:23,876","00:06:25,501",383.876,385.501,1.625
40,"00:06:28,178 --> 00:06:29,970","- Papa, about tonight...","00:06:28,178","00:06:29,970",388.178,389.97,1.79200000000003
41,"00:06:29,990 --> 00:06:31,782",- There's a boy in the house.,"00:06:29,990","00:06:31,782",389.99,391.782,1.7919999999999732
42,"00:06:33,084 --> 00:06:34,668",I saw him.,"00:06:33,084","00:06:34,668",393.084,394.668,1.5840000000000032
43,"00:06:34,803 --> 00:06:35,866",- No!,"00:06:34,803","00:06:35,866",394.803,395.866,1.0629999999999882
44,"00:06:35,886 --> 00:06:36,949",Arrietty...,"00:06:35,886","00:06:36,949",395.886,396.949,1.0629999999999882
45,"00:06:36,969 --> 00:06:38,032",- He didn't see me!,"00:06:36,969","00:06:38,032",396.969,398.032,1.0629999999999882
46,"00:06:38,178 --> 00:06:40,637",I hid behind the bay leaf.,"00:06:38,178","00:06:40,637",398.178,400.637,2.459000000000003
47,"00:06:40,657 --> 00:06:43,116","Papa, we're still going, aren't we?","00:06:40,657","00:06:43,116",400.657,403.116,2.459000000000003
48,"00:06:43,261 --> 00:06:44,533",I won't hear of it.,"00:06:43,261","00:06:44,533",403.261,404.533,1.2719999999999914
49,"00:06:44,553 --> 00:06:45,825",It's too dangerous.,"00:06:44,553","00:06:45,825",404.553,405.825,1.2719999999999914
50,"00:06:45,959 --> 00:06:48,168",But he's just a child!,"00:06:45,959","00:06:48,168",405.959,408.168,2.209000000000003
51,"00:06:48,293 --> 00:06:52,293","Papa, I've been waiting for such a long time.","00:06:48,293","00:06:52,293",408.293,412.293,4
52,"00:06:52,418 --> 00:06:55,334",The children can be more savage than the grownups.,"00:06:52,418","00:06:55,334",412.418,415.334,2.915999999999997
53,"00:06:55,793 --> 00:06:57,251",I'll be fine!,"00:06:55,793","00:06:57,251",415.793,417.251,1.45799999999997
54,"00:07:01,334 --> 00:07:03,543",Youngsters go to bed early.,"00:07:01,334","00:07:03,543",421.334,423.543,2.209000000000003
55,"00:07:04,459 --> 00:07:06,084","Thank you, Papa!","00:07:04,459","00:07:06,084",424.459,426.084,1.625
56,"00:07:06,584 --> 00:07:07,793",But Pod...,"00:07:06,584","00:07:07,793",426.584,427.793,1.2090000000000032
57,"00:07:07,928 --> 00:07:09,553",The boy's sick.,"00:07:07,928","00:07:09,553",427.928,429.553,1.625
58,"00:07:09,573 --> 00:07:11,198","Don't worry, we'll be fine.","00:07:09,573","00:07:11,198",429.573,431.198,1.625
59,"00:07:11,334 --> 00:07:13,043",But Still...,"00:07:11,334","00:07:13,043",431.334,433.043,1.7090000000000032
60,"00:07:13,803 --> 00:07:15,428","Stop worrying, Mother.","00:07:13,803","00:07:15,428",433.803,435.428,1.625
61,"00:07:15,448 --> 00:07:17,073",We'll be extra careful.,"00:07:15,448","00:07:17,073",435.448,437.073,1.625
62,"00:07:20,251 --> 00:07:22,834",Arrietty will be 14 soon.,"00:07:20,251","00:07:22,834",440.251,442.834,2.583000000000027
63,"00:07:22,959 --> 00:07:26,959",Someday she'll have to survive without our help.,"00:07:22,959","00:07:26,959",442.959,446.959,4
64,"00:07:27,084 --> 00:07:31,418",Sometimes I think we're the last Borrowers in the world.,"00:07:27,084","00:07:31,418",447.084,451.418,4.334000000000003
65,"00:07:56,918 --> 00:08:00,376","Whatever you need, just ask Haru.","00:07:56,918","00:08:00,376",476.918,480.376,3.45799999999997
66,"00:08:00,501 --> 00:08:01,959",All right.,"00:08:00,501","00:08:01,959",480.501,481.959,1.4580000000000268
67,"00:08:02,084 --> 00:08:03,793","Haru, I'm depending on you.","00:08:02,084","00:08:03,793",482.084,483.793,1.7090000000000032
68,"00:08:03,918 --> 00:08:05,709","Yes, ma'am.","00:08:03,918","00:08:05,709",483.918,485.709,1.7909999999999968
69,"00:08:12,678 --> 00:08:14,346",Let's shut the screen.,"00:08:12,678","00:08:14,346",492.678,494.346,1.6680000000000064
70,"00:08:14,366 --> 00:08:16,034",Keep the bugs out.,"00:08:14,366","00:08:16,034",494.366,496.034,1.6680000000000064
71,"00:09:01,918 --> 00:09:04,501",Shouldn't you wear something darker?,"00:09:01,918","00:09:04,501",541.918,544.501,2.58299999999997
72,"00:09:04,626 --> 00:09:06,584",I already decided!,"00:09:04,626","00:09:06,584",544.626,546.584,1.95799999999997
73,"00:09:09,793 --> 00:09:12,626",I hope you can borrow some tissue paper.,"00:09:09,793","00:09:12,626",549.793,552.626,2.83299999999997
74,"00:09:12,751 --> 00:09:15,084","And a bit of sugar, perhaps?","00:09:12,751","00:09:15,084",552.751,555.084,2.33299999999997
75,"00:09:15,209 --> 00:09:19,376",We could have sh/so juice and sugar for the tea.,"00:09:15,209","00:09:19,376",555.209,559.376,4.16700000000003
76,"00:09:22,334 --> 00:09:23,918",But anything's just fine.,"00:09:22,334","00:09:23,918",562.334,563.918,1.58400000000006
77,"00:09:26,834 --> 00:09:28,751",We'll be back soon.,"00:09:26,834","00:09:28,751",566.834,568.751,1.91700000000003
78,"00:09:29,511 --> 00:09:30,762",- Please be careful.,"00:09:29,511","00:09:30,762",569.511,570.762,1.2509999999999764
79,"00:09:30,782 --> 00:09:32,033",- We will.,"00:09:30,782","00:09:32,033",570.782,572.033,1.2509999999999764
80,"00:10:03,584 --> 00:10:05,043",Arrietty!,"00:10:03,584","00:10:05,043",603.584,605.043,1.45900000000006
81,"00:10:23,751 --> 00:10:25,168",Sorry!,"00:10:23,751","00:10:25,168",623.751,625.168,1.41700000000003
82,"00:11:04,803 --> 00:11:06,303",- Hold these for me.,"00:11:04,803","00:11:06,303",664.803,666.303,1.5
83,"00:11:06,323 --> 00:11:07,823",- Okay.,"00:11:06,323","00:11:07,823",666.323,667.823,1.5
84,"00:11:42,293 --> 00:11:43,751",Hold on tight!,"00:11:42,293","00:11:43,751",702.293,703.751,1.45799999999997
85,"00:12:29,584 --> 00:12:31,001",Arrietty?,"00:12:29,584","00:12:31,001",749.584,751.001,1.41700000000003
86,"00:12:31,126 --> 00:12:32,209",Ready?,"00:12:31,126","00:12:32,209",751.126,752.209,1.08299999999997
87,"00:13:57,459 --> 00:13:59,751",Everything's so huge.,"00:13:57,459","00:13:59,751",837.459,839.751,2.29200000000003
88,"00:14:00,334 --> 00:14:02,543",The world of human beans.,"00:14:00,334","00:14:02,543",840.334,842.543,2.20900000000006
89,"00:14:02,668 --> 00:14:04,543",The sugar's over there.,"00:14:02,668","00:14:04,543",842.668,844.543,1.875
90,"00:14:09,459 --> 00:14:11,168",Wait for me down there.,"00:14:09,459","00:14:11,168",849.459,851.168,1.70900000000006
91,"00:14:57,751 --> 00:14:59,543","Papa, you're great.","00:14:57,751","00:14:59,543",897.751,899.543,1.79200000000003
92,"00:16:23,918 --> 00:16:25,334","Now, let's get that tissue.","00:16:23,918","00:16:25,334",983.918,985.334,1.41599999999994
93,"00:16:45,793 --> 00:16:47,376","Papa, look.","00:16:45,793","00:16:47,376",1005.793,1007.376,1.58299999999997
94,"00:16:49,168 --> 00:16:51,209",Your first borrowing.,"00:16:49,168","00:16:51,209",1009.168,1011.209,2.04099999999994
95,"00:16:51,751 --> 00:16:53,793","Be careful, it's sharp.","00:16:51,751","00:16:53,793",1011.751,1013.793,2.04200000000003
96,"00:16:53,918 --> 00:16:55,043",I Will!,"00:16:53,918","00:16:55,043",1013.918,1015.043,1.125
97,"00:17:16,751 --> 00:17:18,751","Papa, borrowing is such fun!","00:17:16,751","00:17:18,751",1036.751,1038.751,2
98,"00:17:24,459 --> 00:17:25,918",Look down there.,"00:17:24,459","00:17:25,918",1044.459,1045.918,1.4589999999998327
99,"00:17:31,803 --> 00:17:32,908",Rats.,"00:17:31,803","00:17:32,908",1051.803,1052.908,1.1049999999997908
100,"00:17:32,928 --> 00:17:34,033",Steer clear of them.,"00:17:32,928","00:17:34,033",1052.928,1054.033,1.1049999999997908
101,"00:17:34,053 --> 00:17:35,158",They're trouble.,"00:17:34,053","00:17:35,158",1054.053,1055.158,1.1049999999997908
102,"00:17:35,834 --> 00:17:36,959",I'm not afraid.,"00:17:35,834","00:17:36,959",1055.834,1056.959,1.125
103,"00:17:39,053 --> 00:17:40,325",I'm ready for anything.,"00:17:39,053","00:17:40,325",1059.053,1060.325,1.2719999999999345
104,"00:17:40,345 --> 00:17:41,617",I've got this!,"00:17:40,345","00:17:41,617",1060.345,1061.617,1.2719999999999345
105,"00:17:42,751 --> 00:17:45,834",Sometimes it's best not to go looking for danger.,"00:17:42,751","00:17:45,834",1062.751,1065.834,3.0830000000000837
106,"00:18:32,459 --> 00:18:33,751",What is this place?,"00:18:32,459","00:18:33,751",1112.459,1113.751,1.2919999999999163
107,"00:18:34,418 --> 00:18:37,709",Human beans made it for their dolls.,"00:18:34,418","00:18:37,709",1114.418,1117.709,3.2910000000001673
108,"00:18:46,084 --> 00:18:48,418",It's just perfect for us!,"00:18:46,084","00:18:48,418",1126.084,1128.418,2.3339999999998327
109,"00:18:49,126 --> 00:18:52,793",I'm sure Mother would love that dresser over there.,"00:18:49,126","00:18:52,793",1129.126,1132.793,3.6669999999999163
110,"00:18:52,918 --> 00:18:54,709",These things aren't for borrowing.,"00:18:52,918","00:18:54,709",1132.918,1134.709,1.7910000000001673
111,"00:18:54,834 --> 00:18:57,918","If anything went missing, they'd know right away.","00:18:54,834","00:18:57,918",1134.834,1137.918,3.0839999999998327
112,"00:18:58,834 --> 00:18:59,918",Oh...,"00:18:58,834","00:18:59,918",1138.834,1139.918,1.0839999999998327
113,"00:21:20,418 --> 00:21:22,084",Don't be afraid.,"00:21:20,418","00:21:22,084",1280.418,1282.084,1.6660000000001673
114,"00:21:41,636 --> 00:21:43,616",I saw you.,"00:21:41,636","00:21:43,616",1301.636,1303.616,1.9800000000000182
115,"00:21:43,636 --> 00:21:45,616",In the garden.,"00:21:43,636","00:21:45,616",1303.636,1305.616,1.9800000000000182
116,"00:21:45,636 --> 00:21:47,616","It was you, wasn't it?","00:21:45,636","00:21:47,616",1305.636,1307.616,1.9800000000000182
117,"00:21:54,168 --> 00:21:56,918",My mother told me about you.,"00:21:54,168","00:21:56,918",1314.168,1316.918,2.75
118,"00:21:57,751 --> 00:22:01,751",She saw little people here when she was young.,"00:21:57,751","00:22:01,751",1317.751,1321.751,4
119,"00:22:03,584 --> 00:22:06,251",Was it you that she saw?,"00:22:03,584","00:22:06,251",1323.584,1326.251,2.6669999999999163
120,"00:22:08,876 --> 00:22:10,043",Was it?,"00:22:08,876","00:22:10,043",1328.876,1330.043,1.1669999999999163
121,"00:22:56,501 --> 00:22:58,418","I'm sorry, Papa.","00:22:56,501","00:22:58,418",1376.501,1378.418,1.9169999999999163
122,"00:22:58,918 --> 00:23:01,251","He saw me today, out in the garden.","00:22:58,918","00:23:01,251",1378.918,1381.251,2.3330000000000837
123,"00:23:02,751 --> 00:23:05,251",I should've been more careful.,"00:23:02,751","00:23:05,251",1382.751,1385.251,2.5
124,"00:23:05,918 --> 00:23:08,293",I hope he didn't frighten you.,"00:23:05,918","00:23:08,293",1385.918,1388.293,2.375
125,"00:23:08,418 --> 00:23:13,334","Best not tell your mother, it will only worry her.","00:23:08,418","00:23:13,334",1388.418,1393.334,4.916000000000167
126,"00:23:13,459 --> 00:23:14,584",All right.,"00:23:13,459","00:23:14,584",1393.459,1394.584,1.125
127,"00:23:20,011 --> 00:23:22,783",You don't always have to run.,"00:23:20,011","00:23:22,783",1400.011,1402.783,2.7719999999999345
128,"00:23:22,803 --> 00:23:25,575","Observe them first, then decide.","00:23:22,803","00:23:25,575",1402.803,1405.575,2.7719999999999345
129,"00:23:39,668 --> 00:23:40,918",We're home.,"00:23:39,668","00:23:40,918",1419.668,1420.918,1.25
130,"00:23:41,459 --> 00:23:42,834",Safe and sound.,"00:23:41,459","00:23:42,834",1421.459,1422.834,1.375
131,"00:23:54,626 --> 00:23:55,751",And...?,"00:23:54,626","00:23:55,751",1434.626,1435.751,1.125
132,"00:23:57,418 --> 00:23:59,209",Things didn't go well this time.,"00:23:57,418","00:23:59,209",1437.418,1439.209,1.7910000000001673
133,"00:23:59,334 --> 00:24:02,543",This light gave out before we finished.,"00:23:59,334","00:24:02,543",1439.334,1442.543,3.2089999999998327
134,"00:24:03,501 --> 00:24:04,709",Oh dear.,"00:24:03,501","00:24:04,709",1443.501,1444.709,1.2080000000000837
135,"00:24:05,834 --> 00:24:08,418",We had to give up on the sugar.,"00:24:05,834","00:24:08,418",1445.834,1448.418,2.5839999999998327
136,"00:24:08,886 --> 00:24:10,637",Don't give it a thought.,"00:24:08,886","00:24:10,637",1448.886,1450.637,1.7509999999999764
137,"00:24:10,657 --> 00:24:12,408",At least you're safe and sound.,"00:24:10,657","00:24:12,408",1450.657,1452.408,1.7509999999999764
138,"00:24:13,469 --> 00:24:15,657","Arrietty, you found something.","00:24:13,469","00:24:15,657",1453.469,1455.657,2.1879999999998745
139,"00:24:15,677 --> 00:24:17,865",Show your mother your first borrowing.,"00:24:15,677","00:24:17,865",1455.677,1457.865,2.188000000000102
140,"00:24:27,043 --> 00:24:28,793",What a pretty pin.,"00:24:27,043","00:24:28,793",1467.043,1468.793,1.75
141,"00:24:32,418 --> 00:24:33,918",Time for bed.,"00:24:32,418","00:24:33,918",1472.418,1473.918,1.5
142,"00:24:41,126 --> 00:24:42,584",Good night.,"00:24:41,126","00:24:42,584",1481.126,1482.584,1.4580000000000837
143,"00:24:47,626 --> 00:24:50,084",She looks worn out.,"00:24:47,626","00:24:50,084",1487.626,1490.084,2.4580000000000837
144,"00:24:51,043 --> 00:24:52,751",Shall I make some tea?,"00:24:51,043","00:24:52,751",1491.043,1492.751,1.7080000000000837
145,"00:27:25,918 --> 00:27:27,501",She!,"00:27:25,918","00:27:27,501",1645.918,1647.501,1.5830000000000837
146,"00:27:27,636 --> 00:27:29,095",Come in the house.,"00:27:27,636","00:27:29,095",1647.636,1649.095,1.45900000000006
147,"00:27:29,115 --> 00:27:30,574",You'll catch cold out there.,"00:27:29,115","00:27:30,574",1649.115,1650.574,1.45900000000006
148,"00:28:14,261 --> 00:28:15,533",A cube of sugar?,"00:28:14,261","00:28:15,533",1694.261,1695.533,1.2719999999999345
149,"00:28:15,553 --> 00:28:16,825",But whatever for?,"00:28:15,553","00:28:16,825",1695.553,1696.825,1.2719999999999345
150,"00:28:17,793 --> 00:28:19,751",He left it by the grating.,"00:28:17,793","00:28:19,751",1697.793,1699.751,1.9580000000000837
151,"00:28:20,209 --> 00:28:23,251",It's probably the same one I dropped last night.,"00:28:20,209","00:28:23,251",1700.209,1703.251,3.0419999999999163
152,"00:28:24,793 --> 00:28:25,918",What?,"00:28:24,793","00:28:25,918",1704.793,1705.918,1.125
153,"00:28:26,459 --> 00:28:28,751","What do you mean, you dropped it?","00:28:26,459","00:28:28,751",1706.459,1708.751,2.2919999999999163
154,"00:28:33,428 --> 00:28:34,658",Don't touch it.,"00:28:33,428","00:28:34,658",1713.428,1714.658,1.2299999999997908
155,"00:28:34,678 --> 00:28:35,908",Do you understand?,"00:28:34,678","00:28:35,908",1714.678,1715.908,1.2299999999997908
156,"00:28:39,543 --> 00:28:40,918",It's a trap.,"00:28:39,543","00:28:40,918",1719.543,1720.918,1.375
157,"00:28:41,751 --> 00:28:44,293",They're trying to catch us!,"00:28:41,751","00:28:44,293",1721.751,1724.293,2.5419999999999163
158,"00:28:44,918 --> 00:28:48,334",We'll have to stop borrowing for a while.,"00:28:44,918","00:28:48,334",1724.918,1728.334,3.4160000000001673
159,"00:28:48,459 --> 00:28:50,959",Maybe they already know where we are.,"00:28:48,459","00:28:50,959",1728.459,1730.959,2.5
160,"00:28:51,084 --> 00:28:52,918","Pod, we'll have to move!","00:28:51,084","00:28:52,918",1731.084,1732.918,1.8339999999998327
161,"00:28:54,376 --> 00:28:57,793",This was such a lovely house.,"00:28:54,376","00:28:57,793",1734.376,1737.793,3.4169999999999163
162,"00:28:57,918 --> 00:29:00,084",Now we'll have to start all over again.,"00:28:57,918","00:29:00,084",1737.918,1740.084,2.1660000000001673
163,"00:29:02,293 --> 00:29:05,043","Well, let's see how things go.","00:29:02,293","00:29:05,043",1742.293,1745.043,2.75
164,"00:29:05,168 --> 00:29:07,251","Now eat, soup's getting cold.","00:29:05,168","00:29:07,251",1745.168,1747.251,2.0830000000000837
165,"00:29:09,043 --> 00:29:11,418",Why did it have to be sugar?,"00:29:09,043","00:29:11,418",1749.043,1751.418,2.375
166,"00:29:33,126 --> 00:29:34,793","Thank you, Arrietty.","00:29:33,126","00:29:34,793",1773.126,1774.793,1.6669999999999163
167,"00:29:34,918 --> 00:29:37,918",I wanted to hang everything while the sun's out.,"00:29:34,918","00:29:37,918",1774.918,1777.918,3
168,"00:29:39,084 --> 00:29:41,584",You know I love doing laundry.,"00:29:39,084","00:29:41,584",1779.084,1781.584,2.5
169,"00:29:46,053 --> 00:29:48,137",- I'm going to nap for a bit.,"00:29:46,053","00:29:48,137",1786.053,1788.137,2.0839999999998327
170,"00:29:48,157 --> 00:29:50,241",- All right.,"00:29:48,157","00:29:50,241",1788.157,1790.241,2.08400000000006
171,"00:30:32,501 --> 00:34:48,584","""You forgot something"" You came back.","00:30:32,501","00:34:48,584",1832.501,2088.584,256.08299999999986
172,"00:34:51,751 --> 00:34:53,418","Wait, don't go.","00:34:51,751","00:34:53,418",2091.751,2093.418,1.6669999999999163
173,"00:34:57,543 --> 00:34:59,584",Please leave us alone.,"00:34:57,543","00:34:59,584",2097.543,2099.584,2.0409999999997126
174,"00:35:00,459 --> 00:35:02,418",I wanted to tell you that.,"00:35:00,459","00:35:02,418",2100.459,2102.418,1.9590000000002874
175,"00:35:03,584 --> 00:35:05,584",I want to talk to you.,"00:35:03,584","00:35:05,584",2103.584,2105.584,2
176,"00:35:06,459 --> 00:35:08,209",Human beans are dangerous.,"00:35:06,459","00:35:08,209",2106.459,2108.209,1.75
177,"00:35:08,344 --> 00:35:10,366","If we're seen, we have to leave.","00:35:08,344","00:35:10,366",2108.344,2110.366,2.0219999999999345
178,"00:35:10,386 --> 00:35:12,408",My parents said so.,"00:35:10,386","00:35:12,408",2110.386,2112.408,2.0219999999999345
179,"00:35:13,553 --> 00:35:15,053",You have a family?,"00:35:13,553","00:35:15,053",2113.553,2115.053,1.5
180,"00:35:15,073 --> 00:35:16,573",I envy you.,"00:35:15,073","00:35:16,573",2115.073,2116.573,1.5
181,"00:35:18,334 --> 00:35:19,876",Don't you have one?,"00:35:18,334","00:35:19,876",2118.334,2119.876,1.542000000000371
182,"00:35:20,584 --> 00:35:24,001","Yes, but I practically never see my father.","00:35:20,584","00:35:24,001",2120.584,2124.001,3.417000000000371
183,"00:35:24,126 --> 00:35:27,918","Mother's so busy at work, she barely has time for me.","00:35:24,126","00:35:27,918",2124.126,2127.918,3.7919999999999163
184,"00:35:29,001 --> 00:35:30,418",Really...,"00:35:29,001","00:35:30,418",2129.001,2130.418,1.4169999999999163
185,"00:35:33,844 --> 00:35:35,449",My name's Sho.,"00:35:33,844","00:35:35,449",2133.844,2135.449,1.6050000000000182
186,"00:35:35,469 --> 00:35:37,074",What's your name?,"00:35:35,469","00:35:37,074",2135.469,2137.074,1.6050000000000182
187,"00:35:40,084 --> 00:35:41,793",Do you have one?,"00:35:40,084","00:35:41,793",2140.084,2141.793,1.7090000000002874
188,"00:35:43,209 --> 00:35:45,459",Of course I have a name!,"00:35:43,209","00:35:45,459",2143.209,2145.459,2.25
189,"00:35:45,584 --> 00:35:47,084",It's Arrietty.,"00:35:45,584","00:35:47,084",2145.584,2147.084,1.5
190,"00:35:47,876 --> 00:35:51,084",Arrietty. . .Arrietty...,"00:35:47,876","00:35:51,084",2147.876,2151.084,3.207999999999629
191,"00:35:52,709 --> 00:35:54,084",That's pretty.,"00:35:52,709","00:35:54,084",2152.709,2154.084,1.375
192,"00:36:09,678 --> 00:36:11,720",Won't you let me see you?,"00:36:09,678","00:36:11,720",2169.678,2171.72,2.0419999999999163
193,"00:36:11,740 --> 00:36:13,782",Just for a moment.,"00:36:11,740","00:36:13,782",2171.74,2173.782,2.042000000000371
194,"00:36:20,344 --> 00:36:21,741",Just a peek.,"00:36:20,344","00:36:21,741",2180.344,2181.741,1.3969999999999345
195,"00:36:21,761 --> 00:36:23,158",Please?,"00:36:21,761","00:36:23,158",2181.761,2183.158,1.3969999999999345
196,"00:37:14,303 --> 00:37:15,825",What's happening?,"00:37:14,303","00:37:15,825",2234.303,2235.825,1.5219999999999345
197,"00:37:15,845 --> 00:37:17,367","Oh my gosh, it's a crow!","00:37:15,845","00:37:17,367",2235.845,2237.367,1.5220000000003893
198,"00:37:24,376 --> 00:37:26,334",You can't come in here!,"00:37:24,376","00:37:26,334",2244.376,2246.334,1.957999999999629
199,"00:37:40,136 --> 00:37:42,241",What got into that bird?,"00:37:40,136","00:37:42,241",2260.136,2262.241,2.105000000000018
200,"00:37:42,261 --> 00:37:44,366",They never behave like that.,"00:37:42,261","00:37:44,366",2262.261,2264.366,2.105000000000018
201,"00:37:44,501 --> 00:37:47,543",Maybe it's nesting season or something.,"00:37:44,501","00:37:47,543",2264.501,2267.543,3.0419999999999163
202,"00:37:51,969 --> 00:37:54,157",Now I have to replace this screen.,"00:37:51,969","00:37:54,157",2271.969,2274.157,2.188000000000102
203,"00:37:54,177 --> 00:37:56,365",Where do we keep them?,"00:37:54,177","00:37:56,365",2274.177,2276.365,2.187999999999647
204,"00:37:56,501 --> 00:37:58,751",Are you all right?,"00:37:56,501","00:37:58,751",2276.501,2278.751,2.25
205,"00:37:59,751 --> 00:38:02,918",Maybe you should take some of your medicine.,"00:37:59,751","00:38:02,918",2279.751,2282.918,3.1669999999999163
206,"00:38:03,418 --> 00:38:04,918","Thanks, Haru.","00:38:03,418","00:38:04,918",2283.418,2284.918,1.5
207,"00:38:05,043 --> 00:38:06,584",I feel fine.,"00:38:05,043","00:38:06,584",2285.043,2286.584,1.5409999999997126
208,"00:38:13,751 --> 00:38:16,918","The nesting season, eh?","00:38:13,751","00:38:16,918",2293.751,2296.918,3.1669999999999163
209,"00:38:24,168 --> 00:38:28,168",Have yourself a nice long rest now.,"00:38:24,168","00:38:28,168",2304.168,2308.168,4
210,"00:39:27,584 --> 00:39:28,918",Papa“.,"00:39:27,584","00:39:28,918",2367.584,2368.918,1.3340000000002874
211,"00:39:31,261 --> 00:39:33,074",- I told you to stay away.,"00:39:31,261","00:39:33,074",2371.261,2373.074,1.8130000000001019
212,"00:39:33,094 --> 00:39:34,907",- I'm sorry.,"00:39:33,094","00:39:34,907",2373.094,2374.907,1.8130000000001019
213,"00:39:35,376 --> 00:39:38,084",I wanted to do something to help.,"00:39:35,376","00:39:38,084",2375.376,2378.084,2.707999999999629
214,"00:39:38,209 --> 00:39:40,709",But he didn't see me.,"00:39:38,209","00:39:40,709",2378.209,2380.709,2.5
215,"00:39:42,168 --> 00:39:45,043",You put your family in danger.,"00:39:42,168","00:39:45,043",2382.168,2385.043,2.875
216,"00:39:46,094 --> 00:39:47,679",I won't say it again.,"00:39:46,094","00:39:47,679",2386.094,2387.679,1.5850000000000364
217,"00:39:47,699 --> 00:39:49,284",Understand?,"00:39:47,699","00:39:49,284",2387.699,2389.284,1.5850000000000364
218,"00:39:49,418 --> 00:39:50,418",Yes.,"00:39:49,418","00:39:50,418",2389.418,2390.418,1
219,"00:40:00,126 --> 00:40:02,709",We'd better start looking.,"00:40:00,126","00:40:02,709",2400.126,2402.709,2.582999999999629
220,"00:40:06,084 --> 00:40:07,626",It's time.,"00:40:06,084","00:40:07,626",2406.084,2407.626,1.542000000000371
221,"00:40:12,084 --> 00:40:13,126",Pod...,"00:40:12,084","00:40:13,126",2412.084,2413.126,1.042000000000371
222,"00:40:29,053 --> 00:40:39,074","""You forgot something"" Afternoon!","00:40:29,053","00:40:39,074",2429.053,2439.074,10.021000000000186
223,"00:40:39,094 --> 00:40:49,115",Package for you.,"00:40:39,094","00:40:49,115",2439.094,2449.115,10.02099999999973
224,"00:40:51,761 --> 00:40:53,179","Thanks again, ma'am.","00:40:51,761","00:40:53,179",2451.761,2453.179,1.41800000000012
225,"00:40:53,199 --> 00:40:54,617",It's pretty hot out there.,"00:40:53,199","00:40:54,617",2453.199,2454.617,1.41800000000012
226,"00:40:54,751 --> 00:40:58,459","Listen, know any good pest control companies?","00:40:54,751","00:40:58,459",2454.751,2458.459,3.707999999999629
227,"00:40:58,584 --> 00:41:00,418",Pest control?,"00:40:58,584","00:41:00,418",2458.584,2460.418,1.8340000000002874
228,"00:41:02,751 --> 00:41:06,501","Here's one. ""Squeaky Klean Service.""","00:41:02,751","00:41:06,501",2462.751,2466.501,3.75
229,"00:41:06,636 --> 00:41:08,428",Squeaky Klean Service?,"00:41:06,636","00:41:08,428",2466.636,2468.428,1.7919999999999163
230,"00:41:08,448 --> 00:41:10,240",Let me just write that down.,"00:41:08,448","00:41:10,240",2468.448,2470.24,1.7919999999999163
231,"00:41:13,543 --> 00:41:15,418",Having problems with mice?,"00:41:13,543","00:41:15,418",2473.543,2475.418,1.875
232,"00:41:16,876 --> 00:41:20,584","Maybe it's mice, or maybe it's something else.","00:41:16,876","00:41:20,584",2476.876,2480.584,3.707999999999629
233,"00:41:22,376 --> 00:41:25,293","Between us, it's little people.","00:41:22,376","00:41:25,293",2482.376,2485.293,2.9169999999999163
234,"00:41:25,418 --> 00:41:27,418",I've seen them myself.,"00:41:25,418","00:41:27,418",2485.418,2487.418,2
235,"00:41:33,584 --> 00:41:37,126",A crow tried to fly into your room?,"00:41:33,584","00:41:37,126",2493.584,2497.126,3.542000000000371
236,"00:41:37,251 --> 00:41:38,959",I hope it didn't scare you.,"00:41:37,251","00:41:38,959",2497.251,2498.959,1.707999999999629
237,"00:41:39,553 --> 00:41:41,137","Don't worry, Aunt Sadako.","00:41:39,553","00:41:41,137",2499.553,2501.137,1.5840000000002874
238,"00:41:41,157 --> 00:41:42,741",Haru chased it out.,"00:41:41,157","00:41:42,741",2501.157,2502.741,1.5839999999998327
239,"00:41:44,334 --> 00:41:46,751",I was so astonished!,"00:41:44,334","00:41:46,751",2504.334,2506.751,2.417000000000371
240,"00:41:46,876 --> 00:41:49,126",I never saw such a huge...,"00:41:46,876","00:41:49,126",2506.876,2509.126,2.25
241,"00:41:49,251 --> 00:41:52,959",Excitement's the worst thing in the world for his heart.,"00:41:49,251","00:41:52,959",2509.251,2512.959,3.707999999999629
242,"00:41:53,084 --> 00:41:56,043",He came here for peace and quiet.,"00:41:53,084","00:41:56,043",2513.084,2516.043,2.9590000000002874
243,"00:41:57,293 --> 00:42:00,126",If anything were to happen before the operation...,"00:41:57,293","00:42:00,126",2517.293,2520.126,2.8330000000000837
244,"00:42:00,251 --> 00:42:02,418","I know, I know.","00:42:00,251","00:42:02,418",2520.251,2522.418,2.1669999999999163
245,"00:42:03,959 --> 00:42:07,959",I realize his mother's terribly busy at work.,"00:42:03,959","00:42:07,959",2523.959,2527.959,4
246,"00:42:08,084 --> 00:42:11,126",But to go abroad on business and leave a sick child?,"00:42:08,084","00:42:11,126",2528.084,2531.126,3.042000000000371
247,"00:42:11,918 --> 00:42:15,918",It must be terribly hard for you without your mother.,"00:42:11,918","00:42:15,918",2531.918,2535.918,4
248,"00:42:16,751 --> 00:42:18,626",I don't mind.,"00:42:16,751","00:42:18,626",2536.751,2538.626,1.875
249,"00:42:19,459 --> 00:42:21,918",I suppose the divorce couldn't be helped.,"00:42:19,459","00:42:21,918",2539.459,2541.918,2.4590000000002874
250,"00:42:22,459 --> 00:42:26,584","But why can't she be here, when he needs her so?","00:42:22,459","00:42:26,584",2542.459,2546.584,4.125
251,"00:42:34,793 --> 00:42:38,459","Aunt Sadako, who made that little house in my room?","00:42:34,793","00:42:38,459",2554.793,2558.459,3.6659999999997126
252,"00:42:38,584 --> 00:42:40,168",It's amazing.,"00:42:38,584","00:42:40,168",2558.584,2560.168,1.5840000000002874
253,"00:42:40,293 --> 00:42:42,376",You mean the doll house?,"00:42:40,293","00:42:42,376",2560.293,2562.376,2.0830000000000837
254,"00:42:42,501 --> 00:42:45,709",That doll house belongs to your mother.,"00:42:42,501","00:42:45,709",2562.501,2565.709,3.207999999999629
255,"00:42:45,834 --> 00:42:49,293",She left it here when she moved out.,"00:42:45,834","00:42:49,293",2565.834,2569.293,3.4590000000002874
256,"00:42:49,418 --> 00:42:50,418",It was hers?,"00:42:49,418","00:42:50,418",2569.418,2570.418,1
257,"00:42:51,084 --> 00:42:54,834",My father had it made to order in England.,"00:42:51,084","00:42:54,834",2571.084,2574.834,3.75
258,"00:42:54,959 --> 00:42:57,459",It was for the little people.,"00:42:54,959","00:42:57,459",2574.959,2577.459,2.5
259,"00:42:59,001 --> 00:43:02,001",My father claimed he'd seen them.,"00:42:59,001","00:43:02,001",2579.001,2582.001,3
260,"00:43:02,126 --> 00:43:04,084",He waited for so many years.,"00:43:02,126","00:43:04,084",2582.126,2584.084,1.957999999999629
261,"00:43:04,543 --> 00:43:09,251",He always said that house was a present for them.,"00:43:04,543","00:43:09,251",2584.543,2589.251,4.708000000000084
262,"00:43:10,251 --> 00:43:13,418",But I'm afraid they never showed themselves again.,"00:43:10,251","00:43:13,418",2590.251,2593.418,3.1669999999999163
263,"00:43:13,543 --> 00:43:17,584","Not in my father's lifetime, nor in mine.","00:43:13,543","00:43:17,584",2593.543,2597.584,4.040999999999713
264,"00:43:18,084 --> 00:43:22,709","Young Master, did you happen to see any little people in your room?","00:43:18,084","00:43:22,709",2598.084,2602.709,4.625
265,"00:43:26,626 --> 00:43:28,251",Unfortunately...no.,"00:43:26,626","00:43:28,251",2606.626,2608.251,1.625
266,"00:43:29,376 --> 00:43:32,626",It's been in our family for four generations.,"00:43:29,376","00:43:32,626",2609.376,2612.626,3.25
267,"00:43:32,751 --> 00:43:36,959","If you like it, it will be yours someday.","00:43:32,751","00:43:36,959",2612.751,2616.959,4.207999999999629
268,"00:43:37,084 --> 00:43:38,584",You mean it?,"00:43:37,084","00:43:38,584",2617.084,2618.584,1.5
269,"00:43:39,084 --> 00:43:40,126",Yes.,"00:43:39,084","00:43:40,126",2619.084,2620.126,1.042000000000371
270,"00:43:40,886 --> 00:43:42,949",Have you looked inside?,"00:43:40,886","00:43:42,949",2620.886,2622.949,2.063000000000102
271,"00:43:42,969 --> 00:43:45,032",It's quite beautiful!,"00:43:42,969","00:43:45,032",2622.969,2625.032,2.063000000000102
272,"00:43:49,386 --> 00:43:51,304","- Haru, could you turn off the lights?","00:43:49,386","00:43:51,304",2629.386,2631.304,1.91800000000012
273,"00:43:51,324 --> 00:43:53,242",- Yes.,"00:43:51,324","00:43:53,242",2631.324,2633.242,1.91800000000012
274,"00:44:05,126 --> 00:44:07,126",This is the living room.,"00:44:05,126","00:44:07,126",2645.126,2647.126,2
275,"00:44:07,251 --> 00:44:11,918",All the furnishings were hand-made by a real furniture maker.,"00:44:07,251","00:44:11,918",2647.251,2651.918,4.666999999999916
276,"00:44:12,584 --> 00:44:15,668",Isn't it wonderful?,"00:44:12,584","00:44:15,668",2652.584,2655.668,3.0840000000002874
277,"00:44:16,178 --> 00:44:18,679",Here's the library on the first floor.,"00:44:16,178","00:44:18,679",2656.178,2658.679,2.5010000000002037
278,"00:44:18,699 --> 00:44:21,200",There's even a bathroom.,"00:44:18,699","00:44:21,200",2658.699,2661.2,2.500999999999749
279,"00:44:21,751 --> 00:44:26,084",But the next room is my personal favourite.,"00:44:21,751","00:44:26,084",2661.751,2666.084,4.332999999999629
280,"00:44:26,209 --> 00:44:28,876","Haru, could you open that up?","00:44:26,209","00:44:28,876",2666.209,2668.876,2.667000000000371
281,"00:44:29,001 --> 00:44:31,918","Let's see, I think it opens this way.","00:44:29,001","00:44:31,918",2669.001,2671.918,2.9169999999999163
282,"00:44:36,626 --> 00:44:38,418",Everything is so detailed!,"00:44:36,626","00:44:38,418",2676.626,2678.418,1.7919999999999163
283,"00:44:39,584 --> 00:44:41,918",Detailed and just like the real thing.,"00:44:39,584","00:44:41,918",2679.584,2681.918,2.3340000000002874
284,"00:44:42,386 --> 00:44:44,324",That's a real oven.,"00:44:42,386","00:44:44,324",2682.386,2684.324,1.9380000000001019
285,"00:44:44,344 --> 00:44:46,282",You could use it for baking.,"00:44:44,344","00:44:46,282",2684.344,2686.282,1.9380000000001019
286,"00:44:46,418 --> 00:44:48,501","Beautiful, just beautiful.","00:44:46,418","00:44:48,501",2686.418,2688.501,2.0830000000000837
287,"00:44:48,626 --> 00:44:51,626",What a pity Father's dream never came true.,"00:44:48,626","00:44:51,626",2688.626,2691.626,3
288,"00:44:51,751 --> 00:44:53,209",And it's been so long...,"00:44:51,751","00:44:53,209",2691.751,2693.209,1.457999999999629
289,"00:44:53,334 --> 00:44:56,584",Maybe the little people are gone now.,"00:44:53,334","00:44:56,584",2693.334,2696.584,3.25
290,"00:47:17,834 --> 00:47:21,001","Mother, we've had these pictures three years.","00:47:17,834","00:47:21,001",2837.834,2841.001,3.167000000000371
291,"00:47:21,126 --> 00:47:22,418",Don't you want new ones?,"00:47:21,126","00:47:22,418",2841.126,2842.418,1.2919999999999163
292,"00:47:22,918 --> 00:47:25,459",I love those pictures.,"00:47:22,918","00:47:25,459",2842.918,2845.459,2.5409999999997126
293,"00:47:25,584 --> 00:47:29,584",I've always dreamed I'd see the real ocean someday.,"00:47:25,584","00:47:29,584",2845.584,2849.584,4
294,"00:47:30,418 --> 00:47:33,709","Besides, there's no point changing them now.","00:47:30,418","00:47:33,709",2850.418,2853.709,3.2909999999997126
295,"00:47:38,251 --> 00:47:40,626",Papa's later than usual.,"00:47:38,251","00:47:40,626",2858.251,2860.626,2.375
296,"00:47:40,751 --> 00:47:44,084",I hope he didn't get caught in that downpour.,"00:47:40,751","00:47:44,084",2860.751,2864.084,3.332999999999629
297,"00:47:48,594 --> 00:47:50,074",- Papa?,"00:47:48,594","00:47:50,074",2868.594,2870.074,1.4800000000000182
298,"00:47:50,094 --> 00:47:51,574",- That's the back door.,"00:47:50,094","00:47:51,574",2870.094,2871.574,1.4800000000000182
299,"00:47:55,303 --> 00:47:56,095",Papa!,"00:47:55,303","00:47:56,095",2875.303,2876.095,0.7919999999999163
300,"00:47:56,115 --> 00:47:56,907",Welcome back...,"00:47:56,115","00:47:56,907",2876.115,2876.907,0.7920000000003711
301,"00:47:58,959 --> 00:48:00,793",Twisted my leg.,"00:47:58,959","00:48:00,793",2878.959,2880.793,1.8340000000002874
302,"00:48:00,918 --> 00:48:03,251",It's lucky Spiller found me.,"00:48:00,918","00:48:03,251",2880.918,2883.251,2.3330000000000837
303,"00:48:09,376 --> 00:48:10,626",Pod?,"00:48:09,376","00:48:10,626",2889.376,2890.626,1.25
304,"00:48:10,761 --> 00:48:12,991","Oh dear, you're hurt!","00:48:10,761","00:48:12,991",2890.761,2892.991,2.230000000000018
305,"00:48:13,011 --> 00:48:15,241","Hurry, bring him in.","00:48:13,011","00:48:15,241",2893.011,2895.241,2.230000000000018
306,"00:48:17,793 --> 00:48:19,084",Does it hurt?,"00:48:17,793","00:48:19,084",2897.793,2899.084,1.2909999999997126
307,"00:48:19,219 --> 00:48:20,720",It's not broken.,"00:48:19,219","00:48:20,720",2899.219,2900.72,1.500999999999749
308,"00:48:20,740 --> 00:48:22,241",I'll be fine in no time.,"00:48:20,740","00:48:22,241",2900.74,2902.241,1.5010000000002037
309,"00:48:23,126 --> 00:48:25,584",I'll get some cold water.,"00:48:23,126","00:48:25,584",2903.126,2905.584,2.457999999999629
310,"00:48:27,459 --> 00:48:30,084","Here's a towel, better dry off.","00:48:27,459","00:48:30,084",2907.459,2910.084,2.625
311,"00:48:31,209 --> 00:48:32,459",Who's this?,"00:48:31,209","00:48:32,459",2911.209,2912.459,1.25
312,"00:48:37,459 --> 00:48:40,584",It's not just the three of us after all.,"00:48:37,459","00:48:40,584",2917.459,2920.584,3.125
313,"00:48:49,251 --> 00:48:50,543",Got to go.,"00:48:49,251","00:48:50,543",2929.251,2930.543,1.2919999999999163
314,"00:48:50,668 --> 00:48:53,584","Wait, at least stay and have some tea.","00:48:50,668","00:48:53,584",2930.668,2933.584,2.9159999999997126
315,"00:49:02,219 --> 00:49:04,220",I'll see to your father.,"00:49:02,219","00:49:04,220",2942.219,2944.22,2.000999999999749
316,"00:49:04,240 --> 00:49:06,241",Get Spiller a cup of tea.,"00:49:04,240","00:49:06,241",2944.24,2946.241,2.0010000000002037
317,"00:49:07,969 --> 00:49:09,679","Thank you, Spiller.","00:49:07,969","00:49:09,679",2947.969,2949.679,1.7100000000000364
318,"00:49:09,699 --> 00:49:11,409",Papa's so lucky you came along.,"00:49:09,699","00:49:11,409",2949.699,2951.409,1.7100000000000364
319,"00:49:15,209 --> 00:49:17,251",We're so grateful for your help.,"00:49:15,209","00:49:17,251",2955.209,2957.251,2.042000000000371
320,"00:49:18,084 --> 00:49:20,626","Listen, have you seen other Borrowers?","00:49:18,084","00:49:20,626",2958.084,2960.626,2.542000000000371
321,"00:49:20,751 --> 00:49:24,751","You see, we thought we might be the only ones left.","00:49:20,751","00:49:24,751",2960.751,2964.751,4
322,"00:49:28,334 --> 00:49:29,543",This many.,"00:49:28,334","00:49:29,543",2968.334,2969.543,1.2090000000002874
323,"00:49:30,751 --> 00:49:33,168",Then Cousin Lupy must be okay!,"00:49:30,751","00:49:33,168",2970.751,2973.168,2.4169999999999163
324,"00:49:34,751 --> 00:49:36,918",Can I see your bow?,"00:49:34,751","00:49:36,918",2974.751,2976.918,2.1669999999999163
325,"00:49:42,918 --> 00:49:44,918",You use this for hunting.,"00:49:42,918","00:49:44,918",2982.918,2984.918,2
326,"00:49:49,844 --> 00:49:51,366",Give that back.,"00:49:49,844","00:49:51,366",2989.844,2991.366,1.5219999999999345
327,"00:49:51,386 --> 00:49:52,908",It's not a toy.,"00:49:51,386","00:49:52,908",2991.386,2992.908,1.5219999999999345
328,"00:50:08,584 --> 00:50:10,251",Got to go.,"00:50:08,584","00:50:10,251",3008.584,3010.251,1.667000000000371
329,"00:50:11,918 --> 00:50:15,043",Won't you stay and have a bite?,"00:50:11,918","00:50:15,043",3011.918,3015.043,3.125
330,"00:50:17,668 --> 00:50:19,251",Got this.,"00:50:17,668","00:50:19,251",3017.668,3019.251,1.5830000000000837
331,"00:50:23,209 --> 00:50:24,418",A cricket's leg!,"00:50:23,209","00:50:24,418",3023.209,3024.418,1.2090000000002874
332,"00:50:26,053 --> 00:50:27,075",Want some?,"00:50:26,053","00:50:27,075",3026.053,3027.075,1.0219999999999345
333,"00:50:27,095 --> 00:50:28,117",It's real good.,"00:50:27,095","00:50:28,117",3027.095,3028.117,1.0220000000003893
334,"00:50:28,251 --> 00:50:29,418",No thanks!,"00:50:28,251","00:50:29,418",3028.251,3029.418,1.1669999999999163
335,"00:50:34,084 --> 00:50:35,126",Take care.,"00:50:34,084","00:50:35,126",3034.084,3035.126,1.042000000000371
336,"00:50:36,793 --> 00:50:38,251",Thanks again.,"00:50:36,793","00:50:38,251",3036.793,3038.251,1.4580000000000837
337,"00:50:41,918 --> 00:50:43,584",I'll see him out.,"00:50:41,918","00:50:43,584",3041.918,3043.584,1.6659999999997126
338,"00:50:49,918 --> 00:50:52,584",You were looking for a new place.,"00:50:49,918","00:50:52,584",3049.918,3052.584,2.6659999999997126
339,"00:50:53,553 --> 00:50:54,950",I tripped and fell.,"00:50:53,553","00:50:54,950",3053.553,3054.95,1.3969999999999345
340,"00:50:54,970 --> 00:50:56,367",Couldn't move.,"00:50:54,970","00:50:56,367",3054.97,3056.367,1.3970000000003893
341,"00:50:56,387 --> 00:50:57,784",Then Spiller came.,"00:50:56,387","00:50:57,784",3056.387,3057.784,1.3969999999999345
342,"00:50:57,918 --> 00:50:59,584",Really...,"00:50:57,918","00:50:59,584",3057.918,3059.584,1.6659999999997126
343,"00:51:00,084 --> 00:51:03,251",His territory reaches past the river.,"00:51:00,084","00:51:03,251",3060.084,3063.251,3.167000000000371
344,"00:51:04,043 --> 00:51:07,959",And he knows a few places we could live.,"00:51:04,043","00:51:07,959",3064.043,3067.959,3.9159999999997126
345,"00:51:09,084 --> 00:51:10,834","That's good, I suppose.","00:51:09,084","00:51:10,834",3069.084,3070.834,1.75
346,"00:51:11,918 --> 00:51:14,251",I'd hate to camp out.,"00:51:11,918","00:51:14,251",3071.918,3074.251,2.3330000000000837
347,"00:51:15,668 --> 00:51:19,584",But I doubt we'll find anything quite as nice as this.,"00:51:15,668","00:51:19,584",3075.668,3079.584,3.9159999999997126
348,"00:51:23,751 --> 00:51:27,084",I'm glad there are still others like us.,"00:51:23,751","00:51:27,084",3083.751,3087.084,3.332999999999629
349,"00:51:27,751 --> 00:51:30,209","Do you have friends and family, Spiller?","00:51:27,751","00:51:30,209",3087.751,3090.209,2.457999999999629
350,"00:51:30,803 --> 00:51:32,200",Family?,"00:51:30,803","00:51:32,200",3090.803,3092.2,1.3969999999999345
351,"00:51:32,220 --> 00:51:33,617","No, just me.","00:51:32,220","00:51:33,617",3092.22,3093.617,1.3970000000003893
352,"00:51:33,751 --> 00:51:36,709","Well, I hope you can come again.","00:51:33,751","00:51:36,709",3093.751,3096.709,2.957999999999629
353,"00:51:36,834 --> 00:51:39,918",My mother's stew is the best in the world.,"00:51:36,834","00:51:39,918",3096.834,3099.918,3.0840000000002874
354,"00:52:45,251 --> 00:52:46,668",Haru?,"00:52:45,251","00:52:46,668",3165.251,3166.668,1.4169999999999163
355,"00:53:05,168 --> 00:53:08,209","Arrietty, your stitches need to be closer together.","00:53:05,168","00:53:08,209",3185.168,3188.209,3.0409999999997126
356,"00:53:08,334 --> 00:53:09,918",Pull it apart and do it again.,"00:53:08,334","00:53:09,918",3188.334,3189.918,1.5840000000002874
357,"00:53:11,918 --> 00:53:15,584",Why do we need such a big sack anyway?,"00:53:11,918","00:53:15,584",3191.918,3195.584,3.6659999999997126
358,"00:53:23,251 --> 00:53:26,084",I'm going to look in on Papa.,"00:53:23,251","00:53:26,084",3203.251,3206.084,2.832999999999629
359,"00:53:28,293 --> 00:53:30,251","Papa, can I come in?","00:53:28,293","00:53:30,251",3208.293,3210.251,1.9580000000000837
360,"00:53:32,918 --> 00:53:34,209",How's your leg?,"00:53:32,918","00:53:34,209",3212.918,3214.209,1.2909999999997126
361,"00:53:34,876 --> 00:53:36,584",I'll be walking soon.,"00:53:34,876","00:53:36,584",3214.876,3216.584,1.707999999999629
362,"00:53:37,334 --> 00:53:38,918",Papa?,"00:53:37,334","00:53:38,918",3217.334,3218.918,1.5840000000002874
363,"00:53:41,043 --> 00:53:43,209",Are we going to move?,"00:53:41,043","00:53:43,209",3221.043,3223.209,2.1659999999997126
364,"00:53:44,386 --> 00:53:46,137",We were seen.,"00:53:44,386","00:53:46,137",3224.386,3226.137,1.7510000000002037
365,"00:53:46,157 --> 00:53:47,908",We've no choice but to move.,"00:53:46,157","00:53:47,908",3226.157,3227.908,1.750999999999749
366,"00:53:51,918 --> 00:53:55,501",I don't think every human bean is dangerous.,"00:53:51,918","00:53:55,501",3231.918,3235.501,3.5830000000000837
367,"00:53:56,834 --> 00:53:58,376",Arrietty...,"00:53:56,834","00:53:58,376",3236.834,3238.376,1.542000000000371
368,"00:53:58,501 --> 00:54:03,126","Before you were born, there were two other families living in this house.","00:53:58,501","00:54:03,126",3238.501,3243.126,4.625
369,"00:54:03,261 --> 00:54:04,762",One family went missing.,"00:54:03,261","00:54:04,762",3243.261,3244.762,1.5010000000002037
370,"00:54:04,782 --> 00:54:06,283",They just disappeared.,"00:54:04,782","00:54:06,283",3244.782,3246.283,1.500999999999749
371,"00:54:06,418 --> 00:54:08,584",The other one moved away.,"00:54:06,418","00:54:08,584",3246.418,3248.584,2.1659999999997126
372,"00:54:09,084 --> 00:54:10,876",They were seen by humans.,"00:54:09,084","00:54:10,876",3249.084,3250.876,1.792000000000371
373,"00:54:11,834 --> 00:54:14,751","No matter what happens, we've got to survive.","00:54:11,834","00:54:14,751",3251.834,3254.751,2.917000000000371
374,"00:54:15,501 --> 00:54:16,918",Papa“.,"00:54:15,501","00:54:16,918",3255.501,3256.918,1.4169999999999163
375,"00:54:33,053 --> 00:54:34,928",What in heaven's name!,"00:54:33,053","00:54:34,928",3273.053,3274.928,1.875
376,"00:54:34,948 --> 00:54:36,823",Is this an earthquake?,"00:54:34,948","00:54:36,823",3274.948,3276.823,1.875
377,"00:55:01,418 --> 00:55:02,709",Mother!,"00:55:01,418","00:55:02,709",3301.418,3302.709,1.2909999999997126
378,"00:55:05,251 --> 00:55:06,709",It won't open.,"00:55:05,251","00:55:06,709",3305.251,3306.709,1.457999999999629
379,"00:55:10,834 --> 00:55:12,834",The frame's buckled.,"00:55:10,834","00:55:12,834",3310.834,3312.834,2
380,"00:55:33,418 --> 00:55:35,918",The...the wall!,"00:55:33,418","00:55:35,918",3333.418,3335.918,2.5
381,"00:56:12,084 --> 00:56:13,376",Homily!,"00:56:12,084","00:56:13,376",3372.084,3373.376,1.292000000000371
382,"00:56:15,293 --> 00:56:16,626",Homily!,"00:56:15,293","00:56:16,626",3375.293,3376.626,1.3330000000000837
383,"00:56:18,418 --> 00:56:21,918",I always dreamed of having a kitchen like this.,"00:56:18,418","00:56:21,918",3378.418,3381.918,3.5
384,"00:57:27,001 --> 00:57:29,751",Gather only the things we need.,"00:57:27,001","00:57:29,751",3447.001,3449.751,2.75
385,"00:57:37,418 --> 00:57:40,001",We can't carry all that.,"00:57:37,418","00:57:40,001",3457.418,3460.001,2.5830000000000837
386,"00:57:40,126 --> 00:57:43,751","And Homily, take nothing from the doll house.","00:57:40,126","00:57:43,751",3460.126,3463.751,3.625
387,"00:57:45,918 --> 00:57:47,918",I'll make sure it's safe.,"00:57:45,918","00:57:47,918",3465.918,3467.918,2
388,"00:57:48,678 --> 00:57:49,928",- Stay with your mother.,"00:57:48,678","00:57:49,928",3468.678,3469.928,1.25
389,"00:57:49,948 --> 00:57:51,198",- Yes.,"00:57:49,948","00:57:51,198",3469.948,3471.198,1.25
390,"00:58:23,501 --> 00:58:25,084",You finally came.,"00:58:23,501","00:58:25,084",3503.501,3505.084,1.582999999999629
391,"00:58:35,084 --> 00:58:37,876",Do you like your new kitchen?,"00:58:35,084","00:58:37,876",3515.084,3517.876,2.792000000000371
392,"00:58:39,626 --> 00:58:41,876",Our house is a disaster.,"00:58:39,626","00:58:41,876",3519.626,3521.876,2.25
393,"00:58:44,261 --> 00:58:45,741",But it doesn't matter.,"00:58:44,261","00:58:45,741",3524.261,3525.741,1.4800000000000182
394,"00:58:45,761 --> 00:58:47,241",I came to say goodbye.,"00:58:45,761","00:58:47,241",3525.761,3527.241,1.4800000000000182
395,"00:58:52,334 --> 00:58:53,751",Can I look?,"00:58:52,334","00:58:53,751",3532.334,3533.751,1.417000000000371
396,"00:59:18,209 --> 00:59:19,543",You're beautiful.,"00:59:18,209","00:59:19,543",3558.209,3559.543,1.3340000000002874
397,"00:59:22,918 --> 00:59:24,876",We have to move.,"00:59:22,918","00:59:24,876",3562.918,3564.876,1.9580000000000837
398,"00:59:26,001 --> 00:59:27,751",We were seen.,"00:59:26,001","00:59:27,751",3566.001,3567.751,1.75
399,"00:59:28,709 --> 00:59:31,626",Borrowers aren't meant to be seen.,"00:59:28,709","00:59:31,626",3568.709,3571.626,2.917000000000371
400,"00:59:31,761 --> 00:59:33,720",- Borrowers...?,"00:59:31,761","00:59:33,720",3571.761,3573.72,1.9589999999998327
401,"00:59:33,740 --> 00:59:35,699",- We borrow from human beans.,"00:59:33,740","00:59:35,699",3573.74,3575.699,1.9590000000002874
402,"00:59:35,844 --> 00:59:37,012",Things we need.,"00:59:35,844","00:59:37,012",3575.844,3577.012,1.16800000000012
403,"00:59:37,032 --> 00:59:38,200",Things they won't miss.,"00:59:37,032","00:59:38,200",3577.032,3578.2,1.1679999999996653
404,"00:59:39,136 --> 00:59:40,845",Soap and cookies and sugar.,"00:59:39,136","00:59:40,845",3579.136,3580.845,1.7089999999998327
405,"00:59:40,865 --> 00:59:42,574","Electricity and gas, too.","00:59:40,865","00:59:42,574",3580.865,3582.574,1.7090000000002874
406,"00:59:43,126 --> 00:59:46,334",Even my great-grandfather was a Borrower.,"00:59:43,126","00:59:46,334",3583.126,3586.334,3.207999999999629
407,"00:59:47,469 --> 00:59:49,699",- No one ever saw them?,"00:59:47,469","00:59:49,699",3587.469,3589.699,2.230000000000018
408,"00:59:49,719 --> 00:59:51,949",- Probably.,"00:59:49,719","00:59:51,949",3589.719,3591.949,2.230000000000018
409,"00:59:54,876 --> 00:59:56,918",It's all my fault.,"00:59:54,876","00:59:56,918",3594.876,3596.918,2.0419999999999163
410,"00:59:58,594 --> 01:00:00,241","Niya, don't be like that.","00:59:58,594","01:00:00,241",3598.594,3600.241,1.6469999999999345
411,"01:00:00,261 --> 01:00:01,908",Be nice to her.,"01:00:00,261","01:00:01,908",3600.261,3601.908,1.6469999999999345
412,"01:00:03,376 --> 01:00:07,418",Are there other little people like you in the house?,"01:00:03,376","01:00:07,418",3603.376,3607.418,4.041999999999916
413,"01:00:08,251 --> 01:00:11,418","No, it's just my father and mother and me.","01:00:08,251","01:00:11,418",3608.251,3611.418,3.1669999999999163
414,"01:00:12,084 --> 01:00:13,834",What about in other houses?,"01:00:12,084","01:00:13,834",3612.084,3613.834,1.75
415,"01:00:13,969 --> 01:00:15,845",I'm sure there are some.,"01:00:13,969","01:00:15,845",3613.969,3615.845,1.875999999999749
416,"01:00:15,865 --> 01:00:17,741",I've only met one so far.,"01:00:15,865","01:00:17,741",3615.865,3617.741,1.8760000000002037
417,"01:00:18,418 --> 01:00:19,459",Oh.,"01:00:18,418","01:00:19,459",3618.418,3619.459,1.0409999999997126
418,"01:00:20,959 --> 01:00:24,209",Soon you'll be the only one left.,"01:00:20,959","01:00:24,209",3620.959,3624.209,3.25
419,"01:00:25,751 --> 01:00:28,376","Every year there's fewer of you, right?","01:00:25,751","01:00:28,376",3625.751,3628.376,2.625
420,"01:00:28,918 --> 01:00:32,251","You're a doomed species, you know.","01:00:28,918","01:00:32,251",3628.918,3632.251,3.3330000000000837
421,"01:00:34,668 --> 01:00:36,209",That's not true!,"01:00:34,668","01:00:36,209",3634.668,3636.209,1.5409999999997126
422,"01:00:36,344 --> 01:00:37,970",There's lots more of us.,"01:00:36,344","01:00:37,970",3636.344,3637.97,1.625999999999749
423,"01:00:37,990 --> 01:00:39,616",Spiller said so!,"01:00:37,990","01:00:39,616",3637.99,3639.616,1.6260000000002037
424,"01:00:40,209 --> 01:00:41,626",Spiller?,"01:00:40,209","01:00:41,626",3640.209,3641.626,1.417000000000371
425,"01:00:41,751 --> 01:00:43,418",He's one of us.,"01:00:41,751","01:00:43,418",3641.751,3643.418,1.6669999999999163
426,"01:00:43,959 --> 01:00:46,918",And he said there's lots more.,"01:00:43,959","01:00:46,918",3643.959,3646.918,2.9590000000002874
427,"01:00:48,418 --> 01:00:53,001",Do you know how many people there are in the world?,"01:00:48,418","01:00:53,001",3648.418,3653.001,4.583000000000084
428,"01:00:54,918 --> 01:00:57,084",There are 6.7 billion of us.,"01:00:54,918","01:00:57,084",3654.918,3657.084,2.1659999999997126
429,"01:00:58,126 --> 01:01:00,126",Six point seven billion...?,"01:00:58,126","01:01:00,126",3658.126,3660.126,2
430,"01:01:00,876 --> 01:01:02,209",What about you?,"01:01:00,876","01:01:02,209",3660.876,3662.209,1.332999999999629
431,"01:01:03,001 --> 01:01:04,584",I don't know.,"01:01:03,001","01:01:04,584",3663.001,3664.584,1.582999999999629
432,"01:01:05,251 --> 01:01:07,959",There's probably just a few of you.,"01:01:05,251","01:01:07,959",3665.251,3667.959,2.707999999999629
433,"01:01:08,084 --> 01:01:12,084","Until my mother told me, I didn't know little people existed.","01:01:08,084","01:01:12,084",3668.084,3672.084,4
434,"01:01:14,251 --> 01:01:17,751",Lots of species are already extinct.,"01:01:14,251","01:01:17,751",3674.251,3677.751,3.5
435,"01:01:18,834 --> 01:01:21,418","I've only seen them in books, though.","01:01:18,834","01:01:21,418",3678.834,3681.418,2.5840000000002874
436,"01:01:22,418 --> 01:01:24,876",So many beautiful species...,"01:01:22,418","01:01:24,876",3682.418,3684.876,2.4580000000000837
437,"01:01:25,001 --> 01:01:28,709","But the environment changed, so they died out.","01:01:25,001","01:01:28,709",3685.001,3688.709,3.707999999999629
438,"01:01:29,168 --> 01:01:33,751","It's sad, but that's what fate has in store for your kind.","01:01:29,168","01:01:33,751",3689.168,3693.751,4.583000000000084
439,"01:01:35,418 --> 01:01:36,876","Fate, you say?","01:01:35,418","01:01:36,876",3695.418,3696.876,1.4580000000000837
440,"01:01:37,594 --> 01:01:39,824",You're the one who changed things.,"01:01:37,594","01:01:39,824",3697.594,3699.824,2.230000000000018
441,"01:01:39,844 --> 01:01:42,074",Now we have to move away.,"01:01:39,844","01:01:42,074",3699.844,3702.074,2.230000000000018
442,"01:01:43,469 --> 01:01:44,824",We have to survive.,"01:01:43,469","01:01:44,824",3703.469,3704.824,1.3550000000000182
443,"01:01:44,844 --> 01:01:46,199",That's what Papa said.,"01:01:44,844","01:01:46,199",3704.844,3706.199,1.3550000000000182
444,"01:01:46,668 --> 01:01:49,209","So we're leaving, even though it's dangerous.","01:01:46,668","01:01:49,209",3706.668,3709.209,2.5409999999997126
445,"01:01:50,011 --> 01:01:52,783","We'll make do, we always have.","01:01:50,011","01:01:52,783",3710.011,3712.783,2.7719999999999345
446,"01:01:52,803 --> 01:01:55,575",You don't know anything about us!,"01:01:52,803","01:01:55,575",3712.803,3715.575,2.7719999999999345
447,"01:01:56,043 --> 01:01:59,293",We're not going to die out that easily!,"01:01:56,043","01:01:59,293",3716.043,3719.293,3.25
448,"01:02:01,594 --> 01:02:03,220",I'm sorry.,"01:02:01,594","01:02:03,220",3721.594,3723.22,1.625999999999749
449,"01:02:03,240 --> 01:02:04,866",You're right.,"01:02:03,240","01:02:04,866",3723.24,3724.866,1.6260000000002037
450,"01:02:05,793 --> 01:02:08,209",I'm the one who's going to die.,"01:02:05,793","01:02:08,209",3725.793,3728.209,2.4159999999997126
451,"01:02:13,376 --> 01:02:15,209",It's my heart.,"01:02:13,376","01:02:15,209",3733.376,3735.209,1.832999999999629
452,"01:02:15,751 --> 01:02:19,584","They're going to operate next week, but it's probably hopeless.","01:02:15,751","01:02:19,584",3735.751,3739.584,3.832999999999629
453,"01:02:19,709 --> 01:02:21,084",Your heart...?,"01:02:19,709","01:02:21,084",3739.709,3741.084,1.375
454,"01:02:23,219 --> 01:02:24,970",I've always been sick.,"01:02:23,219","01:02:24,970",3743.219,3744.97,1.750999999999749
455,"01:02:24,990 --> 01:02:26,741",I can't play like other kids.,"01:02:24,990","01:02:26,741",3744.99,3746.741,1.7510000000002037
456,"01:02:27,584 --> 01:02:32,043","From the moment I saw you, I wanted to protect you.","01:02:27,584","01:02:32,043",3747.584,3752.043,4.459000000000287
457,"01:02:32,168 --> 01:02:34,418",I can't even do that.,"01:02:32,168","01:02:34,418",3752.168,3754.418,2.25
458,"01:02:35,084 --> 01:02:37,459",I hope you can forgive me.,"01:02:35,084","01:02:37,459",3755.084,3757.459,2.375
459,"01:02:38,959 --> 01:02:41,334",I didn't know you were so sick.,"01:02:38,959","01:02:41,334",3758.959,3761.334,2.375
460,"01:03:06,001 --> 01:03:08,876",What in the world is this doing here?,"01:03:06,001","01:03:08,876",3786.001,3788.876,2.875
461,"01:03:36,084 --> 01:03:38,918",It's the kitchen from the doll house!,"01:03:36,084","01:03:38,918",3816.084,3818.918,2.8340000000002874
462,"01:03:55,126 --> 01:03:57,084",Found you!,"01:03:55,126","01:03:57,084",3835.126,3837.084,1.957999999999629
463,"01:04:02,584 --> 01:04:03,876",What's wrong?,"01:04:02,584","01:04:03,876",3842.584,3843.876,1.292000000000371
464,"01:04:04,459 --> 01:04:07,668",My mother...l heard her voice.,"01:04:04,459","01:04:07,668",3844.459,3847.668,3.2090000000002874
465,"01:04:38,793 --> 01:04:42,084",This really is a great kitchen.,"01:04:38,793","01:04:42,084",3878.793,3882.084,3.2909999999997126
466,"01:04:42,626 --> 01:04:45,668","You're not the only little one here, I bet.","01:04:42,626","01:04:45,668",3882.626,3885.668,3.0419999999999163
467,"01:05:08,251 --> 01:05:10,543",I have to go.,"01:05:08,251","01:05:10,543",3908.251,3910.543,2.2919999999999163
468,"01:05:57,469 --> 01:05:58,949",Let me out!,"01:05:57,469","01:05:58,949",3957.469,3958.949,1.4800000000000182
469,"01:05:58,969 --> 01:06:00,449",Help me!,"01:05:58,969","01:06:00,449",3958.969,3960.449,1.4800000000000182
470,"01:07:08,626 --> 01:07:10,418",The ceiling's tilted.,"01:07:08,626","01:07:10,418",4028.626,4030.418,1.7919999999999163
471,"01:08:36,678 --> 01:08:38,262",Hello?,"01:08:36,678","01:08:38,262",4116.678,4118.262,1.5839999999998327
472,"01:08:38,282 --> 01:08:39,866",Squeaky Klean Service?,"01:08:38,282","01:08:39,866",4118.282,4119.866,1.5839999999998327
473,"01:08:40,001 --> 01:08:42,626",Can you make an urgent house call?,"01:08:40,001","01:08:42,626",4120.001,4122.626,2.625
474,"01:08:42,761 --> 01:08:44,262",There's something small in the house.,"01:08:42,761","01:08:44,262",4122.761,4124.262,1.5009999999992942
475,"01:08:44,282 --> 01:08:45,783","No, not mice.","01:08:44,282","01:08:45,783",4124.282,4125.783,1.5010000000002037
476,"01:08:45,928 --> 01:08:47,803",- No! mice?,"01:08:45,928","01:08:47,803",4125.928,4127.803,1.875
477,"01:08:47,823 --> 01:08:49,698",- I don't want them killed.,"01:08:47,823","01:08:49,698",4127.823,4129.698,1.875
478,"01:08:49,834 --> 01:08:51,584",You need trapping services ?,"01:08:49,834","01:08:51,584",4129.834,4131.584,1.75
479,"01:08:51,719 --> 01:08:53,074","Yes, that's it.","01:08:51,719","01:08:53,074",4131.719,4133.074,1.3549999999995634
480,"01:08:53,094 --> 01:08:54,449",I want you to trap them.,"01:08:53,094","01:08:54,449",4133.094,4134.449,1.3549999999995634
481,"01:09:05,459 --> 01:09:07,084",Sho!Sho!,"01:09:05,459","01:09:07,084",4145.459,4147.084,1.625
482,"01:09:10,709 --> 01:09:11,918",Arrietty!,"01:09:10,709","01:09:11,918",4150.709,4151.918,1.2089999999998327
483,"01:09:17,793 --> 01:09:19,126",Mother's gone!,"01:09:17,793","01:09:19,126",4157.793,4159.126,1.3330000000005384
484,"01:09:20,261 --> 01:09:22,241",Someone took the roof off.,"01:09:20,261","01:09:22,241",4160.261,4162.241,1.9799999999995634
485,"01:09:22,261 --> 01:09:24,241",I think a human bean got her!,"01:09:22,261","01:09:24,241",4162.261,4164.241,1.9799999999995634
486,"01:09:29,918 --> 01:09:31,668",Mother...,"01:09:29,918","01:09:31,668",4169.918,4171.668,1.75
487,"01:09:41,709 --> 01:09:43,293",We'll find her.,"01:09:41,709","01:09:43,293",4181.709,4183.293,1.5839999999998327
488,"01:10:18,334 --> 01:10:20,209",Ifslocked.,"01:10:18,334","01:10:20,209",4218.334,4220.209,1.875
489,"01:10:23,584 --> 01:10:26,418",Let's try the room next door.,"01:10:23,584","01:10:26,418",4223.584,4226.418,2.8339999999998327
490,"01:10:46,219 --> 01:10:47,387",- Can't budge it.,"01:10:46,219","01:10:47,387",4246.219,4247.387,1.1679999999996653
491,"01:10:47,407 --> 01:10:48,575",- Wait!,"01:10:47,407","01:10:48,575",4247.407,4248.575,1.1679999999996653
492,"01:10:58,918 --> 01:11:01,043",I can fit.,"01:10:58,918","01:11:01,043",4258.918,4261.043,2.125
493,"01:11:35,209 --> 01:11:36,501",Amazing!,"01:11:35,209","01:11:36,501",4295.209,4296.501,1.292000000000371
494,"01:12:11,876 --> 01:12:14,251","No, that's not it.","01:12:11,876","01:12:14,251",4331.876,4334.251,2.375
495,"01:12:15,136 --> 01:12:16,783",There's a dirt road.,"01:12:15,136","01:12:16,783",4335.136,4336.783,1.6469999999999345
496,"01:12:16,803 --> 01:12:18,450",Turn in there.,"01:12:16,803","01:12:18,450",4336.803,4338.45,1.6469999999999345
497,"01:12:18,594 --> 01:12:19,991",- Before the bridge?,"01:12:18,594","01:12:19,991",4338.594,4339.991,1.3969999999999345
498,"01:12:20,011 --> 01:12:21,408","- No, not that one!","01:12:20,011","01:12:21,408",4340.011,4341.408,1.3969999999999345
499,"01:12:29,751 --> 01:12:32,126",Haru opened this.,"01:12:29,751","01:12:32,126",4349.751,4352.126,2.375
500,"01:12:32,584 --> 01:12:35,584",Then she must've taken Mother someplace.,"01:12:32,584","01:12:35,584",4352.584,4355.584,3
501,"01:13:12,084 --> 01:13:13,709",Are you okay?,"01:13:12,084","01:13:13,709",4392.084,4393.709,1.625
502,"01:13:23,418 --> 01:13:26,418",What's taking them so long?,"01:13:23,418","01:13:26,418",4403.418,4406.418,3
503,"01:14:00,011 --> 01:14:01,324",Mother!,"01:14:00,011","01:14:01,324",4440.011,4441.324,1.3129999999991924
504,"01:14:01,344 --> 01:14:02,657",Where are you?,"01:14:01,344","01:14:02,657",4441.344,4442.657,1.3130000000001019
505,"01:14:18,751 --> 01:14:21,293",But the lock...,"01:14:18,751","01:14:21,293",4458.751,4461.293,2.5419999999994616
506,"01:14:21,418 --> 01:14:22,876",Lock?,"01:14:21,418","01:14:22,876",4461.418,4462.876,1.4580000000005384
507,"01:14:25,084 --> 01:14:27,626",Could I have some hot milk?,"01:14:25,084","01:14:27,626",4465.084,4467.626,2.542000000000371
508,"01:14:27,751 --> 01:14:30,459","Okay, wait just a minute.","01:14:27,751","01:14:30,459",4467.751,4470.459,2.707999999999629
509,"01:14:39,751 --> 01:14:41,251",Thanks.,"01:14:39,751","01:14:41,251",4479.751,4481.251,1.5
510,"01:15:18,886 --> 01:15:20,720",I'm a little hungry.,"01:15:18,886","01:15:20,720",4518.886,4520.72,1.8339999999998327
511,"01:15:20,740 --> 01:15:22,574",Are there any cookies?,"01:15:20,740","01:15:22,574",4520.74,4522.574,1.8339999999998327
512,"01:15:28,751 --> 01:15:30,084",Mother!,"01:15:28,751","01:15:30,084",4528.751,4530.084,1.332999999999629
513,"01:15:31,668 --> 01:15:33,209",Mother!,"01:15:31,668","01:15:33,209",4531.668,4533.209,1.5410000000001673
514,"01:15:40,761 --> 01:15:42,012",- Mother?,"01:15:40,761","01:15:42,012",4540.761,4542.012,1.2509999999992942
515,"01:15:42,032 --> 01:15:43,283",- Arrietty!,"01:15:42,032","01:15:43,283",4542.032,4543.283,1.2510000000002037
516,"01:15:50,376 --> 01:15:52,834","Here I am, Arrietty!","01:15:50,376","01:15:52,834",4550.376,4552.834,2.457999999999629
517,"01:15:52,959 --> 01:15:54,084",Mother!,"01:15:52,959","01:15:54,084",4552.959,4554.084,1.125
518,"01:15:58,209 --> 01:15:59,918",Arrietty!,"01:15:58,209","01:15:59,918",4558.209,4559.918,1.7089999999998327
519,"01:16:26,761 --> 01:16:29,074",There they are.,"01:16:26,761","01:16:29,074",4586.761,4589.074,2.3129999999991924
520,"01:16:29,094 --> 01:16:31,407",They finally found the right road.,"01:16:29,094","01:16:31,407",4589.094,4591.407,2.313000000000102
521,"01:16:52,501 --> 01:16:54,584",Another human bean!,"01:16:52,501","01:16:54,584",4612.501,4614.584,2.082999999999629
522,"01:16:58,376 --> 01:17:00,084","It's all right, Mother.","01:16:58,376","01:17:00,084",4618.376,4620.084,1.707999999999629
523,"01:17:23,293 --> 01:17:26,543",We'd like to take a look around first.,"01:17:23,293","01:17:26,543",4643.293,4646.543,3.25
524,"01:17:26,668 --> 01:17:28,084",Take your time.,"01:17:26,668","01:17:28,084",4646.668,4648.084,1.4160000000001673
525,"01:17:52,626 --> 01:17:55,126",Now who can this be?,"01:17:52,626","01:17:55,126",4672.626,4675.126,2.5
526,"01:17:56,261 --> 01:17:57,324",Haru?,"01:17:56,261","01:17:57,324",4676.261,4677.324,1.0629999999991924
527,"01:17:57,344 --> 01:17:58,407",Haru!,"01:17:57,344","01:17:58,407",4677.344,4678.407,1.0630000000001019
528,"01:18:00,626 --> 01:18:02,543",What's going on here?,"01:18:00,626","01:18:02,543",4680.626,4682.543,1.9169999999994616
529,"01:18:02,678 --> 01:18:04,553",It's finally happened.,"01:18:02,678","01:18:04,553",4682.678,4684.553,1.875
530,"01:18:04,573 --> 01:18:06,448",The little people are here!,"01:18:04,573","01:18:06,448",4684.573,4686.448,1.875
531,"01:18:06,584 --> 01:18:08,043",Little people?,"01:18:06,584","01:18:08,043",4686.584,4688.043,1.4589999999998327
532,"01:18:09,303 --> 01:18:11,178",That's right.,"01:18:09,303","01:18:11,178",4689.303,4691.178,1.875
533,"01:18:11,198 --> 01:18:13,073",And what little thieves they are!,"01:18:11,198","01:18:13,073",4691.198,4693.073,1.875
534,"01:18:26,084 --> 01:18:28,251",It's really true.,"01:18:26,084","01:18:28,251",4706.084,4708.251,2.167000000000371
535,"01:18:33,251 --> 01:18:35,543",They steal from all over the house.,"01:18:33,251","01:18:35,543",4713.251,4715.543,2.2919999999994616
536,"01:18:35,668 --> 01:18:38,876",That's why things were going missing.,"01:18:35,668","01:18:38,876",4715.668,4718.876,3.2080000000005384
537,"01:18:39,918 --> 01:18:42,209","Haru, what's got into you?","01:18:39,918","01:18:42,209",4719.918,4722.209,2.2910000000001673
538,"01:18:42,334 --> 01:18:45,168",All these years I thought it was my imagination.,"01:18:42,334","01:18:45,168",4722.334,4725.168,2.8339999999998327
539,"01:18:45,293 --> 01:18:47,251","Well, it wasn't.","01:18:45,293","01:18:47,251",4725.293,4727.251,1.9580000000005384
540,"01:18:48,001 --> 01:18:51,543",You certainly didn't need to call the exterminators.,"01:18:48,001","01:18:51,543",4728.001,4731.543,3.5419999999994616
541,"01:18:52,761 --> 01:18:54,387",We'd better hurry.,"01:18:52,761","01:18:54,387",4732.761,4734.387,1.6259999999992942
542,"01:18:54,407 --> 01:18:56,033",The house is full of them!,"01:18:54,407","01:18:56,033",4734.407,4736.033,1.6260000000002037
543,"01:18:57,751 --> 01:19:00,043",You'll believe me when you see this.,"01:18:57,751","01:19:00,043",4737.751,4740.043,2.2919999999994616
544,"01:19:00,709 --> 01:19:02,959",This is their nest.,"01:19:00,709","01:19:02,959",4740.709,4742.959,2.25
545,"01:19:04,751 --> 01:19:06,418",Nest?,"01:19:04,751","01:19:06,418",4744.751,4746.418,1.6669999999994616
546,"01:19:11,751 --> 01:19:15,084",It looks like a pile of old junk to me.,"01:19:11,751","01:19:15,084",4751.751,4755.084,3.332999999999629
547,"01:19:18,386 --> 01:19:19,804",What?,"01:19:18,386","01:19:19,804",4758.386,4759.804,1.4179999999996653
548,"01:19:19,824 --> 01:19:21,242",I swear I saw it.,"01:19:19,824","01:19:21,242",4759.824,4761.242,1.4180000000005748
549,"01:19:22,584 --> 01:19:25,626","Haru, I'm sending the exterminators away.","01:19:22,584","01:19:25,626",4762.584,4765.626,3.042000000000371
550,"01:19:25,751 --> 01:19:28,209","Now, wait just a minute.","01:19:25,751","01:19:28,209",4765.751,4768.209,2.457999999999629
551,"01:19:29,543 --> 01:19:31,668",The doll house!,"01:19:29,543","01:19:31,668",4769.543,4771.668,2.125
552,"01:19:39,219 --> 01:19:40,429",Young Master?,"01:19:39,219","01:19:40,429",4779.219,4780.429,1.2100000000000364
553,"01:19:40,449 --> 01:19:41,659",May we come in for a minute?,"01:19:40,449","01:19:41,659",4780.449,4781.659,1.2100000000000364
554,"01:19:41,918 --> 01:19:42,918",All right.,"01:19:41,918","01:19:42,918",4781.918,4782.918,1
555,"01:19:54,428 --> 01:19:56,366",You won't believe this.,"01:19:54,428","01:19:56,366",4794.428,4796.366,1.9380000000001019
556,"01:19:56,386 --> 01:19:58,324",They stole the little kitchen too.,"01:19:56,386","01:19:58,324",4796.386,4798.324,1.9379999999991924
557,"01:19:59,876 --> 01:20:02,709","You'll see, it's gone.","01:19:59,876","01:20:02,709",4799.876,4802.709,2.832999999999629
558,"01:20:06,293 --> 01:20:07,668",It's not gone.,"01:20:06,293","01:20:07,668",4806.293,4807.668,1.375
559,"01:20:07,793 --> 01:20:10,084",Such a pleasure to look at.,"01:20:07,793","01:20:10,084",4807.793,4810.084,2.2910000000001673
560,"01:20:23,261 --> 01:20:25,158","Wait, I can prove it!","01:20:23,261","01:20:25,158",4823.261,4825.158,1.8969999999999345
561,"01:20:25,178 --> 01:20:27,075",I have one of them in a jar.,"01:20:25,178","01:20:27,075",4825.178,4827.075,1.8969999999999345
562,"01:20:30,043 --> 01:20:33,084",I wonder what's got into Haru.,"01:20:30,043","01:20:33,084",4830.043,4833.084,3.0410000000001673
563,"01:20:33,584 --> 01:20:34,584",Hmm?,"01:20:33,584","01:20:34,584",4833.584,4834.584,1
564,"01:20:36,959 --> 01:20:39,084","Fresh herbs, how lovely.","01:20:36,959","01:20:39,084",4836.959,4839.084,2.125
565,"01:20:54,084 --> 01:20:56,209",Someone was making tea!,"01:20:54,084","01:20:56,209",4854.084,4856.209,2.125
566,"01:20:58,219 --> 01:21:00,387",It's just as my father said.,"01:20:58,219","01:21:00,387",4858.219,4860.387,2.1679999999996653
567,"01:21:00,407 --> 01:21:02,575",There are little people living here.,"01:21:00,407","01:21:02,575",4860.407,4862.575,2.1679999999996653
568,"01:21:05,793 --> 01:21:07,084","Yes, there are.","01:21:05,793","01:21:07,084",4865.793,4867.084,1.2910000000001673
569,"01:21:08,084 --> 01:21:10,543",So Haru really saw them.,"01:21:08,084","01:21:10,543",4868.084,4870.543,2.4589999999998327
570,"01:21:10,668 --> 01:21:13,293",Though she accused them of stealing.,"01:21:10,668","01:21:13,293",4870.668,4873.293,2.625
571,"01:21:13,428 --> 01:21:15,158",They're not thieves at all!,"01:21:13,428","01:21:15,158",4873.428,4875.158,1.730000000000473
572,"01:21:15,178 --> 01:21:16,908",They're Borrowers.,"01:21:15,178","01:21:16,908",4875.178,4876.908,1.730000000000473
573,"01:21:18,751 --> 01:21:21,584","I mean, I wish I could see them.","01:21:18,751","01:21:21,584",4878.751,4881.584,2.832999999999629
574,"01:21:23,584 --> 01:21:26,084",I bet they're here somewhere.,"01:21:23,584","01:21:26,084",4883.584,4886.084,2.5
575,"01:21:30,918 --> 01:21:33,084",I'm sure they are.,"01:21:30,918","01:21:33,084",4890.918,4893.084,2.1660000000001673
576,"01:21:46,584 --> 01:21:48,959","Excuse me, ma'am!","01:21:46,584","01:21:48,959",4906.584,4908.959,2.375
577,"01:21:49,501 --> 01:21:51,751",Where'd you like us to start?,"01:21:49,501","01:21:51,751",4909.501,4911.751,2.25
578,"01:22:00,293 --> 01:22:02,084",Are you all right?,"01:22:00,293","01:22:02,084",4920.293,4922.084,1.7910000000001673
579,"01:22:04,751 --> 01:22:06,876",It got away.,"01:22:04,751","01:22:06,876",4924.751,4926.876,2.125
580,"01:22:07,001 --> 01:22:09,668",I had one and it got away!,"01:22:07,001","01:22:09,668",4927.001,4929.668,2.6669999999994616
581,"01:22:09,803 --> 01:22:11,595",It's not just my imagination.,"01:22:09,803","01:22:11,595",4929.803,4931.595,1.792000000000371
582,"01:22:11,615 --> 01:22:13,407",There are little people here!,"01:22:11,615","01:22:13,407",4931.615,4933.407,1.792000000000371
583,"01:22:14,501 --> 01:22:16,543",Next time I swear I'll get them!,"01:22:14,501","01:22:16,543",4934.501,4936.543,2.0419999999994616
584,"01:22:32,001 --> 01:22:35,918",How far is it to where we're meeting Spiller?,"01:22:32,001","01:22:35,918",4952.001,4955.918,3.9169999999994616
585,"01:22:37,094 --> 01:22:38,824",It's just outside the forest.,"01:22:37,094","01:22:38,824",4957.094,4958.824,1.7299999999995634
586,"01:22:38,844 --> 01:22:40,574",Then we head down river.,"01:22:38,844","01:22:40,574",4958.844,4960.574,1.7299999999995634
587,"01:22:41,928 --> 01:22:44,241",I'm already worn out.,"01:22:41,928","01:22:44,241",4961.928,4964.241,2.313000000000102
588,"01:22:44,261 --> 01:22:46,574",I'll never make it that far.,"01:22:44,261","01:22:46,574",4964.261,4966.574,2.3129999999991924
589,"01:23:02,126 --> 01:23:03,626",Let's hurry.,"01:23:02,126","01:23:03,626",4982.126,4983.626,1.5
590,"01:23:04,709 --> 01:23:06,418",I can't do it...,"01:23:04,709","01:23:06,418",4984.709,4986.418,1.7089999999998327
591,"01:23:32,928 --> 01:23:35,241",Better have something to eat.,"01:23:32,928","01:23:35,241",5012.928,5015.241,2.313000000000102
592,"01:23:35,261 --> 01:23:37,574",We'll be walking till morning.,"01:23:35,261","01:23:37,574",5015.261,5017.574,2.3129999999991924
593,"01:23:40,751 --> 01:23:42,376",I'm so sorry.,"01:23:40,751","01:23:42,376",5020.751,5022.376,1.625
594,"01:23:43,251 --> 01:23:47,751",It's my fault we had to leave such a wonderful house.,"01:23:43,251","01:23:47,751",5023.251,5027.751,4.5
595,"01:23:52,001 --> 01:23:53,793",That's in the past.,"01:23:52,001","01:23:53,793",5032.001,5033.793,1.7919999999994616
596,"01:23:54,918 --> 01:23:58,751","We'll make another wonderful house, the three of us together.","01:23:54,918","01:23:58,751",5034.918,5038.751,3.8330000000005384
597,"01:24:04,709 --> 01:24:06,751",I'm going outside for a bit.,"01:24:04,709","01:24:06,751",5044.709,5046.751,2.042000000000371
598,"01:24:08,251 --> 01:24:10,251","Don't go too far, now.","01:24:08,251","01:24:10,251",5048.251,5050.251,2
599,"01:24:45,584 --> 01:24:47,126",Niya!,"01:24:45,584","01:24:47,126",5085.584,5087.126,1.542000000000371
600,"01:25:56,918 --> 01:25:58,501",Niya...,"01:25:56,918","01:25:58,501",5156.918,5158.501,1.5830000000005384
601,"01:26:17,084 --> 01:26:18,751",Just a little further.,"01:26:17,084","01:26:18,751",5177.084,5178.751,1.667000000000371
602,"01:26:41,584 --> 01:26:43,084",Spiller!,"01:26:41,584","01:26:43,084",5201.584,5203.084,1.5
603,"01:26:57,793 --> 01:26:59,584",That's everything.,"01:26:57,793","01:26:59,584",5217.793,5219.584,1.7910000000001673
604,"01:27:00,876 --> 01:27:03,043",Now let's get moving.,"01:27:00,876","01:27:03,043",5220.876,5223.043,2.1669999999994616
605,"01:27:03,168 --> 01:27:04,418",Okay.,"01:27:03,168","01:27:04,418",5223.168,5224.418,1.25
606,"01:27:08,834 --> 01:27:11,084","Mother, are you all right?","01:27:08,834","01:27:11,084",5228.834,5231.084,2.25
607,"01:27:23,084 --> 01:27:24,584",Arrietty!,"01:27:23,084","01:27:24,584",5243.084,5244.584,1.5
608,"01:27:54,834 --> 01:27:56,293",She!,"01:27:54,834","01:27:56,293",5274.834,5276.293,1.4589999999998327
609,"01:28:00,084 --> 01:28:01,584",Arrietty...,"01:28:00,084","01:28:01,584",5280.084,5281.584,1.5
610,"01:28:20,918 --> 01:28:22,959",We're leaving now.,"01:28:20,918","01:28:22,959",5300.918,5302.959,2.0410000000001673
611,"01:28:27,751 --> 01:28:29,793",I'm glad I made it.,"01:28:27,751","01:28:29,793",5307.751,5309.793,2.0419999999994616
612,"01:28:33,584 --> 01:28:35,751",Niya showed me the way.,"01:28:33,584","01:28:35,751",5313.584,5315.751,2.167000000000371
613,"01:28:43,386 --> 01:28:44,804",Thanks.,"01:28:43,386","01:28:44,804",5323.386,5324.804,1.4179999999996653
614,"01:28:44,824 --> 01:28:46,242",Take care of yourself.,"01:28:44,824","01:28:46,242",5324.824,5326.242,1.4180000000005748
615,"01:28:52,293 --> 01:28:54,043",I brought this.,"01:28:52,293","01:28:54,043",5332.293,5334.043,1.75
616,"01:28:59,876 --> 01:29:03,251",I hope you'll accept it this time.,"01:28:59,876","01:29:03,251",5339.876,5343.251,3.375
617,"01:29:09,043 --> 01:29:10,543",Thank you.,"01:29:09,043","01:29:10,543",5349.043,5350.543,1.5
618,"01:29:24,251 --> 01:29:26,418",I have to go.,"01:29:24,251","01:29:26,418",5364.251,5366.418,2.1669999999994616
619,"01:29:27,751 --> 01:29:30,043",When is your operation?,"01:29:27,751","01:29:30,043",5367.751,5370.043,2.2919999999994616
620,"01:29:30,168 --> 01:29:32,126",The day after tomorrow.,"01:29:30,168","01:29:32,126",5370.168,5372.126,1.9580000000005384
621,"01:29:32,261 --> 01:29:34,408",I'm going to be okay.,"01:29:32,261","01:29:34,408",5372.261,5374.408,2.1469999999999345
622,"01:29:34,428 --> 01:29:36,575",You gave me the courage to live.,"01:29:34,428","01:29:36,575",5374.428,5376.575,2.1469999999999345
623,"01:29:45,126 --> 01:29:46,918",For luck.,"01:29:45,126","01:29:46,918",5385.126,5386.918,1.7919999999994616
624,"01:29:51,793 --> 01:29:53,334",Thanks.,"01:29:51,793","01:29:53,334",5391.793,5393.334,1.5410000000001673
625,"01:30:00,043 --> 01:30:02,584",You protected me after all.,"01:30:00,043","01:30:02,584",5400.043,5402.584,2.5410000000001673
626,"01:30:04,751 --> 01:30:06,418",Arrietty...,"01:30:04,751","01:30:06,418",5404.751,5406.418,1.6669999999994616
627,"01:30:08,793 --> 01:30:11,751",I hope you have the best life ever.,"01:30:08,793","01:30:11,751",5408.793,5411.751,2.9580000000005384
628,"01:30:14,293 --> 01:30:15,584",Goodbye.,"01:30:14,293","01:30:15,584",5414.293,5415.584,1.2910000000001673
629,"01:30:19,501 --> 01:30:24,584","Arrietty, you're a part of me now.","01:30:19,501","01:30:24,584",5419.501,5424.584,5.082999999999629
630,"01:30:24,709 --> 01:30:27,918","I'll never forget you, ever.","01:30:24,709","01:30:27,918",5424.709,5427.918,3.2089999999998327
631,"01:33:56,376 --> 01:34:08,418",A Studio Ghibli Film THE END,"01:33:56,376","01:34:08,418",5636.376,5648.418,12.041999999999462
